Location_ID,Location_Name,Address,Other_Details
333,Astro Orbiter,660 Shea Crescent,NULL
368,African Animals,254 Ottilie Junction,NULL
417,American Adventure,53815 Sawayn Tunnel Apt. 297,NULL
579,The Barnstormer,3374 Sarina Manor,NULL
603,African Adventure,88271 Barrows Union Suite 203,NULL
650,UK Gallery,4411 Sabrina Radial Suite 582,NULL
655,The Boneyard,0692 Georgiana Pass,NULL
661,Shark World,2485 Mueller Squares Suite 537,NULL
740,Space Spin,5536 Betsy Street Apt. 646,NULL
759,Butterflies,959 Feest Glen Suite 523,NULL
858,Soak Station,4908 Reinger Vista,NULL
861,Castle,14034 Kohler Drive,NULL
867,Coral Reefs,4510 Schuster Stream Apt. 613,NULL
868,Film Festival,770 Edd Lane Apt. 098,NULL
885,Fossil Fun Games,101 Paucek Crescent,NULL
