Document_ID,Template_ID,Document_Name,Document_Description,Other_Details
0,7,Introduction of OS,n,NULL
1,25,Understanding DB,y,NULL
3,6,Summer Show,u,NULL
76,20,Robbin CV,y,NULL
80,14,Welcome to NY,h,NULL
82,11,Data base,w,NULL
2394,10,Customer reviews,y,NULL
3830,14,Do not panic,k,NULL
33930,1,How Google people work,z,NULL
50123,22,Learning French,r,NULL
651512,21,How to write a CV,f,NULL
801801,4,How to read a book,w,NULL
3540024,8,Palm reading,y,NULL
16514113,25,A history of Arts,h,NULL
385906526,11,About Korea,b,NULL
