Address_ID,Line_1,Line_2,City_Town,State_County,Other_Details
110,4753 Dach Highway,Suite 846,Feliciaberg,Florida,NULL
124,391 Vandervort Fall Apt. 446,Apt. 107,West Sherwoodstad,Indiana,NULL
148,809 Izabella Islands,Suite 271,Schadenville,Ohio,NULL
15,3720 Vito View Apt. 148,Apt. 584,New Jaquelinmouth,Ohio,NULL
180,8835 Boehm Greens,Apt. 741,Chrisside,Maryland,NULL
19,77667 Nathan Union Apt. 606,Apt. 114,Desireefort,WestVirginia,NULL
192,545 Lula Mission,Suite 311,East Aracely,Oklahoma,NULL
201,2893 Jenkins Station Suite 815,Suite 570,Monahanshire,Kentucky,NULL
207,87789 Reilly Canyon Suite 872,Apt. 136,Rueckermouth,Maryland,NULL
230,0855 Ziemann Island,Apt. 597,Purdyville,SouthCarolina,NULL
266,2082 Runolfsson Cliffs,Apt. 460,Macejkovicchester,Alaska,NULL
286,51237 Maiya Center,Suite 714,New Lonzoville,Nebraska,NULL
314,70561 Vicenta Islands Apt. 873,Apt. 352,Cronaborough,Ohio,NULL
362,384 Fahey Flat Apt. 886,Suite 583,South Birdie,Pennsylvania,NULL
369,899 Okuneva Haven,Apt. 615,Jasthaven,Delaware,NULL
374,956 Aliyah Cape,Suite 226,South Eugenia,Washington,NULL
383,788 Flossie Junction Apt. 770,Apt. 861,Nataliamouth,WestVirginia,NULL
39,9799 Andres Shoal,Apt. 012,North Antonina,SouthDakota,NULL
74,8682 Boyle Glen,Apt. 012,Lindberg,Alabama,NULL
98,32128 Klocko Oval,Suite 184,Port Maximeview,Arizona,NULL
